{
  "program": {
    "candyMachine": "EnxFaZujoegfuyU5YXJHEtLhM3yRtUXAwke6fk8pQ36E",
    "candyGuard": "",
    "candyMachineCreator": "ESRtWFrb25YHLB8vPYgbP4i2Cwkp3noT6AtwUj2swJrW",
    "collectionMint": "5UzwPp8KjnSSMpiSfMC3VJekH67ydwFDyp2ifpU3GK8X"
  },
  "items": {
    "-1": {
      "name": "Numbers Collection",
      "image_hash": "845148a26244b24f37dbaf86270cfe05d28f574c7247383a64c1ad72a130906f",
      "image_link": "https://arweave.net/V1Jatr0N1ruSagksXwdRdS2111BMcFQKESAlxIYYXR8?ext=png",
      "metadata_hash": "78315e014d50212b79be1b35e0107bfcb1bbf808815b926e58b829c92a068787",
      "metadata_link": "https://arweave.net/cUE1XQUNR5c81BtXkFIrJqeP0ZAcxt0x4le2ZToAvQ4",
      "onChain": true
    },
    "0": {
      "name": "Number #0001",
      "image_hash": "36ae5333e54b457cedcc6ec93a84970f05ed57452ca9745a0768ed40cd93e5fa",
      "image_link": "https://arweave.net/F6ELqI88wqSNU-IH4xkEnbcrDhrVNuCVeXIWRYTMLM4?ext=png",
      "metadata_hash": "600bca4ee6de7d54190134b585ef906e592960044f4c116deb3d1db8a682775b",
      "metadata_link": "https://arweave.net/Xnq_A9Fytbs23MSl4NC63jx0yhpSTpJNx9W5ZIk0JqQ",
      "onChain": true
    },
    "1": {
      "name": "Number #0002",
      "image_hash": "c30ce4e4cb022932754f6a3da2de91e9da3194bf7dc5426333d596fa4b948e8f",
      "image_link": "https://arweave.net/fOkouGwVrN997Sa2oE9xYvv5BwMiuzT0T0CYhkvQlXU?ext=png",
      "metadata_hash": "e3bc55f8a1d2b43d534f10446a1e92a87d546d3947dfb41cae5eb943db0fa6b2",
      "metadata_link": "https://arweave.net/Z2tb-A4R1EGpQpj2DlAlR7GCbDURLzfGSpkzx5cPuok",
      "onChain": true
    },
    "2": {
      "name": "Number #0003",
      "image_hash": "fce1a5670d184691eb63db78a3f438bf6360a6fa99e0a6c82d432cb674d205ea",
      "image_link": "https://arweave.net/_CGzVuwWmWLtPc2Kqq0nlOve_tnSz-9tXaeyY5Z8Io0?ext=png",
      "metadata_hash": "bf25e77a7bd3b5e66a0abe0f52e042cc67cb71502bee88e38b3262c7ca752b6e",
      "metadata_link": "https://arweave.net/jANDyVerxMT5X4H-VwpfQ_Lcfjha225Gkp0BHLNRJtg",
      "onChain": true
    },
    "3": {
      "name": "Number #0004",
      "image_hash": "40f27fc65fbc78a16bdcbfd916af2fa72ef6a6da820dd4a1f34fe8087a329ad7",
      "image_link": "https://arweave.net/Jw0EDflZ3yjutO_sYZuRJcLvXClWuqFYwHAbmhHxIls?ext=png",
      "metadata_hash": "e26404952b5950952d42b79488f2a397fe455331cf6e4caec5962f6ca03765c1",
      "metadata_link": "https://arweave.net/-Qk7MFSIrLZwSArYPbjr-jZym7QB2MAwd1fz2dBy2pw",
      "onChain": true
    },
    "4": {
      "name": "Number #0005",
      "image_hash": "0a671b125b423212f0c3c44ec9ae4efb165d4db02076dee5353cdd7620037843",
      "image_link": "https://arweave.net/oeG05_CHz_G-ivsMjbjFJNMbhw0oaRLXZg8KHLwnue8?ext=png",
      "metadata_hash": "e62e40726e277a412a5d926ffd2bb4967eeb37c227e7f87919947619e7779a0f",
      "metadata_link": "https://arweave.net/-X5orYyD576IOKijNIzEfr4FgiTBS3meFpDiSuWAvkU",
      "onChain": true
    },
    "5": {
      "name": "Number #0006",
      "image_hash": "dece4d558f8b35bdfc9390e5f636f9163a3f63109e0175480eb9cc168b74901a",
      "image_link": "https://arweave.net/x2Gd-cNUhFoBvkhtSQilpwcAbpMnjZ7e4eXBNYi0CRM?ext=png",
      "metadata_hash": "951a5a235f0b2b82821d12966dcc1961dffb1af471932ea12e98cd137b05597c",
      "metadata_link": "https://arweave.net/uZ4YYBDQhuoCRWU0aFsjR0FKYld-JXZn5Muq14BSFxY",
      "onChain": true
    },
    "6": {
      "name": "Number #0007",
      "image_hash": "c932a9a3392578695ce1b21527ba641441e046795dd65ac2f910df4a9c789c10",
      "image_link": "https://arweave.net/KodiVTvH0yR3BtaV6e0X9hvDK410tkNv7xwYxhZw_eI?ext=png",
      "metadata_hash": "1777430c7a173a4f9544d29fa613178108fa86dab16ce8de8e3a5d40ff68ab32",
      "metadata_link": "https://arweave.net/LEAbu6KBOoivOrCCg5tIo1NzriPM1cf_XLYrOsufebc",
      "onChain": true
    },
    "7": {
      "name": "Number #0008",
      "image_hash": "8b9237fdba6f2f042bd4d7aa13f17d357f4a9f5f9c8ea3c9681be70d783407b7",
      "image_link": "https://arweave.net/9Q5l_OfYl8GnnYODj2r2AUx1ChxJgiUGVaXJZrYnQRU?ext=png",
      "metadata_hash": "963c6603e36ab200c6bc5ff2dae95fc2f09524c898b1a48c4cc7c92283c51617",
      "metadata_link": "https://arweave.net/3t4mYSVI0JZlQXWg_3xewGdk74eiak4dlRjnd1agWTI",
      "onChain": true
    },
    "8": {
      "name": "Number #0009",
      "image_hash": "6603768936174e9bd4dcc00a76c4354aed00c7e120232338fc7bf56bf02c0de0",
      "image_link": "https://arweave.net/61dg0UkIzIGQP2BjOBZDxp0YwnXvhb0fmPVcHy2kwSU?ext=png",
      "metadata_hash": "4539a7db3447b6a70edafeb198b16b11203137a00f8ffaaf649f7311245e907b",
      "metadata_link": "https://arweave.net/_G7Ll0XLnnRCSwo5uo9qt5_4UVr9vsVlwOZ3w9yXyHc",
      "onChain": true
    },
    "9": {
      "name": "Number #0010",
      "image_hash": "287fcfb43c931987df8e5574e71f30da2db437a552542698027ea4b3dca4a3c0",
      "image_link": "https://arweave.net/ZCNUm-T12p2TCxkubFlQN-vDoN5d9jSUjXbuPC6tNzE?ext=png",
      "metadata_hash": "3043638318772da781b88391b95a27fea2c0b23fb5ef5b195b03d7475f55f837",
      "metadata_link": "https://arweave.net/o5fD8iKNs5ls3YzC9SGfjKO4yS4qFBSArv8884HpAgM",
      "onChain": true
    }
  }
}